signal_date,available_date,MLP
2020-01-02,2020-01-03,0.84765625
2020-01-03,2020-01-06,1.125
2020-01-06,2020-01-07,-0.267578125
2020-01-07,2020-01-08,-0.40234375
2020-01-08,2020-01-09,-0.7421875
2020-01-09,2020-01-10,-0.8203125
2020-01-10,2020-01-13,-0.88671875
2020-01-13,2020-01-14,-0.8671875
2020-01-14,2020-01-15,-0.9453125
2020-01-15,2020-01-16,-0.97265625
2020-01-16,2020-01-17,-0.68359375
2020-01-17,2020-01-20,-0.359375
2020-01-20,2020-01-21,0.0245361328125
2020-01-21,2020-01-22,0.494140625
2020-01-22,2020-01-23,0.326171875
2020-01-23,2020-02-03,0.5
2020-02-03,2020-02-04,0.036376953125
2020-02-04,2020-02-05,-0.0654296875
2020-02-05,2020-02-06,-0.0830078125
2020-02-06,2020-02-07,0.1171875
2020-02-07,2020-02-10,0.0177001953125
2020-02-10,2020-02-11,-0.29296875
2020-02-11,2020-02-12,0.2119140625
2020-02-12,2020-02-13,0.248046875
2020-02-13,2020-02-14,0.306640625
2020-02-14,2020-02-17,0.11083984375
2020-02-17,2020-02-18,0.31640625
2020-02-18,2020-02-19,0.1552734375
2020-02-19,2020-02-20,-0.0233154296875
2020-02-20,2020-02-21,-0.2890625
2020-02-21,2020-02-24,-0.349609375
2020-02-24,2020-02-25,-0.294921875
2020-02-25,2020-02-26,-0.29296875
2020-02-26,2020-02-27,-0.6953125
2020-02-27,2020-02-28,-0.287109375
2020-02-28,2020-03-02,0.11767578125
2020-03-02,2020-03-03,0.09521484375
2020-03-03,2020-03-04,0.0130615234375
2020-03-04,2020-03-05,-0.22265625
2020-03-05,2020-03-06,0.07177734375
2020-03-06,2020-03-09,-0.2119140625
2020-03-09,2020-03-10,0.384765625
2020-03-10,2020-03-11,0.171875
2020-03-11,2020-03-12,0.1865234375
2020-03-12,2020-03-13,0.44140625
2020-03-13,2020-03-16,0.52734375
2020-03-16,2020-03-17,0.205078125
2020-03-17,2020-03-18,-0.2138671875
2020-03-18,2020-03-19,0.056396484375
2020-03-19,2020-03-20,-0.0172119140625
2020-03-20,2020-03-23,0.2001953125
2020-03-23,2020-03-24,0.19140625
2020-03-24,2020-03-25,0.09521484375
2020-03-25,2020-03-26,0.1123046875
2020-03-26,2020-03-27,0.13671875
2020-03-27,2020-03-30,0.09375
2020-03-30,2020-03-31,0.045166015625
2020-03-31,2020-04-01,0.08984375
2020-04-01,2020-04-02,-0.30859375
2020-04-02,2020-04-03,-0.10595703125
2020-04-03,2020-04-07,0.095703125
2020-04-07,2020-04-08,0.265625
2020-04-08,2020-04-09,-0.5625
2020-04-09,2020-04-10,0.11669921875
2020-04-10,2020-04-13,0.10595703125
2020-04-13,2020-04-14,-0.013916015625
2020-04-14,2020-04-15,0.423828125
2020-04-15,2020-04-16,0.28125
2020-04-16,2020-04-17,0.083984375
2020-04-17,2020-04-20,0.10791015625
2020-04-20,2020-04-21,0.279296875
2020-04-21,2020-04-22,0.53515625
2020-04-22,2020-04-23,0.55859375
2020-04-23,2020-04-24,0.185546875
2020-04-24,2020-04-27,0.03076171875
2020-04-27,2020-04-28,0.3125
2020-04-28,2020-04-29,0.12060546875
2020-04-29,2020-04-30,-0.0033416748046875
2020-04-30,2020-05-06,0.51953125
2020-05-06,2020-05-07,0.546875
2020-05-07,2020-05-08,0.59765625
2020-05-08,2020-05-11,0.61328125
2020-05-11,2020-05-12,0.578125
2020-05-12,2020-05-13,0.51171875
2020-05-13,2020-05-14,0.458984375
2020-05-14,2020-05-15,0.376953125
2020-05-15,2020-05-18,0.478515625
2020-05-18,2020-05-19,0.20703125
2020-05-19,2020-05-20,0.38671875
2020-05-20,2020-05-21,0.400390625
2020-05-21,2020-05-22,0.197265625
2020-05-22,2020-05-25,-0.2041015625
2020-05-25,2020-05-26,-0.267578125
2020-05-26,2020-05-27,-0.03076171875
2020-05-27,2020-05-28,0.466796875
2020-05-28,2020-05-29,0.439453125
2020-05-29,2020-06-01,-0.32421875
2020-06-01,2020-06-02,0.07958984375
2020-06-02,2020-06-03,0.2314453125
2020-06-03,2020-06-04,0.453125
2020-06-04,2020-06-05,-0.2275390625
2020-06-05,2020-06-08,0.0478515625
2020-06-08,2020-06-09,0.1279296875
2020-06-09,2020-06-10,0.2451171875
2020-06-10,2020-06-11,0.263671875
2020-06-11,2020-06-12,0.5625
2020-06-12,2020-06-15,0.376953125
2020-06-15,2020-06-16,0.26171875
2020-06-16,2020-06-17,0.158203125
2020-06-17,2020-06-18,0.11083984375
2020-06-18,2020-06-19,-0.01483154296875
2020-06-19,2020-06-22,0.5
2020-06-22,2020-06-23,0.890625
2020-06-23,2020-06-24,0.70703125
2020-06-24,2020-06-29,0.625
2020-06-29,2020-06-30,0.484375
2020-06-30,2020-07-01,0.470703125
2020-07-01,2020-07-02,0.2177734375
2020-07-02,2020-07-03,0.62890625
2020-07-03,2020-07-06,0.97265625
2020-07-06,2020-07-07,1.3671875
2020-07-07,2020-07-08,1.3203125
2020-07-08,2020-07-09,1.1875
2020-07-09,2020-07-10,1.3046875
2020-07-10,2020-07-13,1.0546875
2020-07-13,2020-07-14,1.234375
2020-07-14,2020-07-15,1.0390625
2020-07-15,2020-07-16,1.0546875
2020-07-16,2020-07-17,1.0
2020-07-17,2020-07-20,1.046875
2020-07-20,2020-07-21,0.7734375
2020-07-21,2020-07-22,-0.484375
2020-07-22,2020-07-23,-0.65234375
2020-07-23,2020-07-24,-0.65625
2020-07-24,2020-07-27,-0.75390625
2020-07-27,2020-07-28,-0.6484375
2020-07-28,2020-07-29,-0.50390625
2020-07-29,2020-07-30,-0.46484375
2020-07-30,2020-07-31,-0.1630859375
2020-07-31,2020-08-03,-0.63671875
2020-08-03,2020-08-04,-0.4140625
2020-08-04,2020-08-05,-0.279296875
2020-08-05,2020-08-06,-0.255859375
2020-08-06,2020-08-07,-0.140625
2020-08-07,2020-08-10,-0.1796875
2020-08-10,2020-08-11,-0.3359375
2020-08-11,2020-08-12,-0.050048828125
2020-08-12,2020-08-13,0.051513671875
2020-08-13,2020-08-14,0.2275390625
2020-08-14,2020-08-17,0.10400390625
2020-08-17,2020-08-18,0.365234375
2020-08-18,2020-08-19,0.79296875
2020-08-19,2020-08-20,0.859375
2020-08-20,2020-08-21,0.80078125
2020-08-21,2020-08-24,0.70703125
2020-08-24,2020-08-25,0.07275390625
2020-08-25,2020-08-26,0.52734375
2020-08-26,2020-08-27,0.52734375
2020-08-27,2020-08-28,0.4375
2020-08-28,2020-08-31,0.328125
2020-08-31,2020-09-01,0.3515625
2020-09-01,2020-09-02,0.30859375
2020-09-02,2020-09-03,0.00185394287109375
2020-09-03,2020-09-04,0.30078125
2020-09-04,2020-09-07,0.2333984375
2020-09-07,2020-09-08,0.25390625
2020-09-08,2020-09-09,0.373046875
2020-09-09,2020-09-10,0.0306396484375
2020-09-10,2020-09-11,0.1337890625
2020-09-11,2020-09-14,0.3828125
2020-09-14,2020-09-15,0.2265625
2020-09-15,2020-09-16,0.361328125
2020-09-16,2020-09-17,0.1484375
2020-09-17,2020-09-18,-0.451171875
2020-09-18,2020-09-21,-0.01513671875
2020-09-21,2020-09-22,-0.04736328125
2020-09-22,2020-09-23,0.055908203125
2020-09-23,2020-09-24,-0.1240234375
2020-09-24,2020-09-25,-0.09912109375
2020-09-25,2020-09-28,-0.75390625
2020-09-28,2020-09-29,-0.443359375
2020-09-29,2020-09-30,-0.56640625
2020-09-30,2020-10-09,-0.271484375
2020-10-09,2020-10-12,-0.361328125
2020-10-12,2020-10-13,-0.53515625
2020-10-13,2020-10-14,-0.326171875
2020-10-14,2020-10-15,-0.298828125
2020-10-15,2020-10-16,-0.01251220703125
2020-10-16,2020-10-19,-0.212890625
2020-10-19,2020-10-20,-0.166015625
2020-10-20,2020-10-21,-0.078125
2020-10-21,2020-10-22,-0.25390625
2020-10-22,2020-10-23,-0.0556640625
2020-10-23,2020-10-26,-0.1357421875
2020-10-26,2020-10-27,0.6171875
2020-10-27,2020-10-28,0.443359375
2020-10-28,2020-10-29,-0.0230712890625
2020-10-29,2020-10-30,0.5
2020-10-30,2020-11-02,0.0277099609375
2020-11-02,2020-11-03,-0.2216796875
2020-11-03,2020-11-04,-0.1337890625
2020-11-04,2020-11-05,0.42578125
2020-11-05,2020-11-06,0.1884765625
2020-11-06,2020-11-09,-0.26171875
2020-11-09,2020-11-10,-0.41015625
2020-11-10,2020-11-11,-0.43359375
2020-11-11,2020-11-12,-0.2314453125
2020-11-12,2020-11-13,-0.064453125
2020-11-13,2020-11-16,-0.037109375
2020-11-16,2020-11-17,-0.1328125
2020-11-17,2020-11-18,-0.025390625
2020-11-18,2020-11-19,-0.07861328125
2020-11-19,2020-11-20,-0.0037078857421875
2020-11-20,2020-11-23,-0.30859375
2020-11-23,2020-11-24,-0.7265625
2020-11-24,2020-11-25,-0.55078125
2020-11-25,2020-11-26,-0.423828125
2020-11-26,2020-11-27,-0.5703125
2020-11-27,2020-11-30,-0.58984375
2020-11-30,2020-12-01,-0.40234375
2020-12-01,2020-12-02,-0.490234375
2020-12-02,2020-12-03,-0.32421875
2020-12-03,2020-12-04,-0.43359375
2020-12-04,2020-12-07,-0.52734375
2020-12-07,2020-12-08,-0.671875
2020-12-08,2020-12-09,-0.70703125
2020-12-09,2020-12-10,0.30859375
2020-12-10,2020-12-11,0.35546875
2020-12-11,2020-12-14,0.490234375
2020-12-14,2020-12-15,0.38671875
2020-12-15,2020-12-16,0.2412109375
2020-12-16,2020-12-17,0.30859375
2020-12-17,2020-12-18,0.1982421875
2020-12-18,2020-12-21,0.294921875
2020-12-21,2020-12-22,0.1435546875
2020-12-22,2020-12-23,0.6640625
2020-12-23,2020-12-24,0.58984375
2020-12-24,2020-12-25,0.62109375
2020-12-25,2020-12-28,0.63671875
2020-12-28,2020-12-29,0.546875
2020-12-29,2020-12-30,0.734375
2020-12-30,2020-12-31,0.73046875
2020-12-31,2021-01-04,0.55078125
2021-01-04,2021-01-05,0.67578125
2021-01-05,2021-01-06,0.5546875
2021-01-06,2021-01-07,0.52734375
2021-01-07,2021-01-08,0.5859375
2021-01-08,2021-01-11,0.53515625
2021-01-11,2021-01-12,0.56640625
2021-01-12,2021-01-13,0.365234375
2021-01-13,2021-01-14,0.291015625
2021-01-14,2021-01-15,0.3046875
2021-01-15,2021-01-18,0.44921875
2021-01-18,2021-01-19,0.78125
2021-01-19,2021-01-20,0.447265625
2021-01-20,2021-01-21,0.51953125
2021-01-21,2021-01-22,0.91796875
2021-01-22,2021-01-25,0.458984375
2021-01-25,2021-01-26,0.67578125
2021-01-26,2021-01-27,0.58984375
2021-01-27,2021-01-28,0.7890625
2021-01-28,2021-01-29,0.67578125
2021-01-29,2021-02-01,0.890625
2021-02-01,2021-02-02,0.67578125
2021-02-02,2021-02-03,0.7578125
2021-02-03,2021-02-04,0.734375
2021-02-04,2021-02-05,0.70703125
2021-02-05,2021-02-08,0.6640625
2021-02-08,2021-02-09,0.79296875
2021-02-09,2021-02-10,0.69921875
2021-02-10,2021-02-18,0.58203125
2021-02-18,2021-02-19,0.462890625
2021-02-19,2021-02-22,0.72265625
2021-02-22,2021-02-23,0.11328125
2021-02-23,2021-02-24,-0.04296875
2021-02-24,2021-02-25,-0.0947265625
2021-02-25,2021-02-26,-0.0255126953125
2021-02-26,2021-03-01,-0.0223388671875
2021-03-01,2021-03-02,0.06298828125
2021-03-02,2021-03-03,0.32421875
2021-03-03,2021-03-04,0.453125
2021-03-04,2021-03-05,0.43359375
2021-03-05,2021-03-08,0.10986328125
2021-03-08,2021-03-09,-0.2275390625
2021-03-09,2021-03-10,-0.50390625
2021-03-10,2021-03-11,-0.455078125
2021-03-11,2021-03-12,0.06689453125
2021-03-12,2021-03-15,-0.2431640625
2021-03-15,2021-03-16,-0.265625
2021-03-16,2021-03-17,-0.3359375
2021-03-17,2021-03-18,-0.21875
2021-03-18,2021-03-19,-0.134765625
2021-03-19,2021-03-22,-0.306640625
2021-03-22,2021-03-23,0.06884765625
2021-03-23,2021-03-24,0.1337890625
2021-03-24,2021-03-25,0.04541015625
2021-03-25,2021-03-26,-0.1884765625
2021-03-26,2021-03-29,0.251953125
2021-03-29,2021-03-30,0.388671875
2021-03-30,2021-03-31,0.361328125
2021-03-31,2021-04-01,0.287109375
2021-04-01,2021-04-02,0.46875
2021-04-02,2021-04-06,-0.15234375
2021-04-06,2021-04-07,0.1513671875
2021-04-07,2021-04-08,-0.25
2021-04-08,2021-04-09,0.205078125
2021-04-09,2021-04-12,-0.0712890625
2021-04-12,2021-04-13,-0.423828125
2021-04-13,2021-04-14,-0.201171875
2021-04-14,2021-04-15,0.01708984375
2021-04-15,2021-04-16,-0.5859375
2021-04-16,2021-04-19,-0.349609375
2021-04-19,2021-04-20,0.12158203125
2021-04-20,2021-04-21,0.26953125
2021-04-21,2021-04-22,0.1982421875
2021-04-22,2021-04-23,-0.248046875
2021-04-23,2021-04-26,-0.291015625
2021-04-26,2021-04-27,-0.177734375
2021-04-27,2021-04-28,-0.8984375
2021-04-28,2021-04-29,-0.81640625
2021-04-29,2021-04-30,-0.8984375
2021-04-30,2021-05-06,-0.66015625
2021-05-06,2021-05-07,0.026123046875
2021-05-07,2021-05-10,0.220703125
2021-05-10,2021-05-11,0.32421875
2021-05-11,2021-05-12,0.2490234375
2021-05-12,2021-05-13,0.41015625
2021-05-13,2021-05-14,0.455078125
2021-05-14,2021-05-17,0.349609375
2021-05-17,2021-05-18,0.10546875
2021-05-18,2021-05-19,0.2216796875
2021-05-19,2021-05-20,0.37109375
2021-05-20,2021-05-21,0.38671875
2021-05-21,2021-05-24,0.42578125
2021-05-24,2021-05-25,0.41015625
2021-05-25,2021-05-26,0.3203125
2021-05-26,2021-05-27,0.484375
2021-05-27,2021-05-28,0.361328125
2021-05-28,2021-05-31,0.09375
2021-05-31,2021-06-01,0.3515625
2021-06-01,2021-06-02,0.466796875
2021-06-02,2021-06-03,-0.7265625
2021-06-03,2021-06-04,0.337890625
2021-06-04,2021-06-07,0.1455078125
2021-06-07,2021-06-08,0.142578125
2021-06-08,2021-06-09,0.376953125
2021-06-09,2021-06-10,0.2021484375
2021-06-10,2021-06-11,0.294921875
2021-06-11,2021-06-15,0.24609375
2021-06-15,2021-06-16,-0.8203125
2021-06-16,2021-06-17,-0.2392578125
2021-06-17,2021-06-18,0.166015625
2021-06-18,2021-06-21,0.291015625
2021-06-21,2021-06-22,0.28515625
2021-06-22,2021-06-23,-0.16015625
2021-06-23,2021-06-24,-0.1875
2021-06-24,2021-06-25,-0.47265625
2021-06-25,2021-06-28,-0.72265625
2021-06-28,2021-06-29,-0.423828125
2021-06-29,2021-06-30,-0.44140625
2021-06-30,2021-07-01,-0.474609375
2021-07-01,2021-07-02,-1.0859375
2021-07-02,2021-07-05,-0.77734375
2021-07-05,2021-07-06,-0.671875
2021-07-06,2021-07-07,-0.2021484375
2021-07-07,2021-07-08,-0.2001953125
2021-07-08,2021-07-09,0.337890625
2021-07-09,2021-07-12,-0.40625
2021-07-12,2021-07-13,-0.98046875
2021-07-13,2021-07-14,-0.93359375
2021-07-14,2021-07-15,-0.6484375
2021-07-15,2021-07-16,-0.2138671875
2021-07-16,2021-07-19,-0.279296875
2021-07-19,2021-07-20,-0.9609375
2021-07-20,2021-07-21,-0.84375
2021-07-21,2021-07-22,-0.91015625
2021-07-22,2021-07-23,-0.69921875
2021-07-23,2021-07-26,-0.74609375
2021-07-26,2021-07-27,-0.54296875
2021-07-27,2021-07-28,-0.609375
2021-07-28,2021-07-29,-0.275390625
2021-07-29,2021-07-30,-0.2412109375
2021-07-30,2021-08-02,-0.1630859375
2021-08-02,2021-08-03,-0.134765625
2021-08-03,2021-08-04,-0.412109375
2021-08-04,2021-08-05,-0.373046875
2021-08-05,2021-08-06,-0.22265625
2021-08-06,2021-08-09,0.35546875
2021-08-09,2021-08-10,0.3125
2021-08-10,2021-08-11,0.126953125
2021-08-11,2021-08-12,-0.2890625
2021-08-12,2021-08-13,-0.298828125
2021-08-13,2021-08-16,-0.10888671875
2021-08-16,2021-08-17,-0.043701171875
2021-08-17,2021-08-18,0.2431640625
2021-08-18,2021-08-19,0.22265625
2021-08-19,2021-08-20,0.38671875
2021-08-20,2021-08-23,0.259765625
2021-08-23,2021-08-24,0.07373046875
2021-08-24,2021-08-25,-0.047607421875
2021-08-25,2021-08-26,0.02197265625
2021-08-26,2021-08-27,-0.000457763671875
2021-08-27,2021-08-30,0.35546875
2021-08-30,2021-08-31,-0.08349609375
2021-08-31,2021-09-01,-0.1865234375
2021-09-01,2021-09-02,-0.03955078125
2021-09-02,2021-09-03,-0.0137939453125
2021-09-03,2021-09-06,0.1708984375
2021-09-06,2021-09-07,0.00927734375
2021-09-07,2021-09-08,-0.1865234375
2021-09-08,2021-09-09,-0.427734375
2021-09-09,2021-09-10,-0.314453125
2021-09-10,2021-09-13,-0.019287109375
2021-09-13,2021-09-14,-0.037353515625
2021-09-14,2021-09-15,0.2109375
2021-09-15,2021-09-16,0.00146484375
2021-09-16,2021-09-17,0.11181640625
2021-09-17,2021-09-22,0.369140625
2021-09-22,2021-09-23,-0.076171875
2021-09-23,2021-09-24,-0.1259765625
2021-09-24,2021-09-27,0.408203125
2021-09-27,2021-09-28,0.2373046875
2021-09-28,2021-09-29,0.1669921875
2021-09-29,2021-09-30,0.427734375
2021-09-30,2021-10-08,0.08447265625
2021-10-08,2021-10-11,0.28125
2021-10-11,2021-10-12,0.146484375
2021-10-12,2021-10-13,0.4609375
2021-10-13,2021-10-14,-0.1923828125
2021-10-14,2021-10-15,0.08203125
2021-10-15,2021-10-18,0.03369140625
2021-10-18,2021-10-19,-0.1572265625
2021-10-19,2021-10-20,-0.06884765625
2021-10-20,2021-10-21,0.1494140625
2021-10-21,2021-10-22,-0.07470703125
2021-10-22,2021-10-25,0.5390625
2021-10-25,2021-10-26,-0.08251953125
2021-10-26,2021-10-27,-0.5
2021-10-27,2021-10-28,-0.55859375
2021-10-28,2021-10-29,-0.384765625
2021-10-29,2021-11-01,-0.22265625
2021-11-01,2021-11-02,-0.330078125
2021-11-02,2021-11-03,-0.061767578125
2021-11-03,2021-11-04,0.427734375
2021-11-04,2021-11-05,0.40234375
2021-11-05,2021-11-08,0.2373046875
2021-11-08,2021-11-09,0.349609375
2021-11-09,2021-11-10,0.1923828125
2021-11-10,2021-11-11,0.09375
2021-11-11,2021-11-12,-0.05224609375
2021-11-12,2021-11-15,-0.181640625
2021-11-15,2021-11-16,-0.0654296875
2021-11-16,2021-11-17,0.06689453125
2021-11-17,2021-11-18,0.11083984375
2021-11-18,2021-11-19,0.42578125
2021-11-19,2021-11-22,0.337890625
2021-11-22,2021-11-23,-0.07275390625
2021-11-23,2021-11-24,0.095703125
2021-11-24,2021-11-25,0.1220703125
2021-11-25,2021-11-26,0.3125
2021-11-26,2021-11-29,0.6796875
2021-11-29,2021-11-30,0.67578125
2021-11-30,2021-12-01,0.48046875
2021-12-01,2021-12-02,-0.04931640625
2021-12-02,2021-12-03,0.408203125
2021-12-03,2021-12-06,0.08447265625
2021-12-06,2021-12-07,0.2470703125
2021-12-07,2021-12-08,0.115234375
2021-12-08,2021-12-09,-0.0947265625
2021-12-09,2021-12-10,0.1396484375
2021-12-10,2021-12-13,0.10693359375
2021-12-13,2021-12-14,0.31640625
2021-12-14,2021-12-15,0.125
2021-12-15,2021-12-16,0.12353515625
2021-12-16,2021-12-17,0.2421875
2021-12-17,2021-12-20,-0.255859375
2021-12-20,2021-12-21,-0.068359375
2021-12-21,2021-12-22,-0.028076171875
2021-12-22,2021-12-23,-0.5078125
2021-12-23,2021-12-24,0.1572265625
2021-12-24,2021-12-27,-0.2119140625
2021-12-27,2021-12-28,-0.275390625
2021-12-28,2021-12-29,-0.25390625
2021-12-29,2021-12-30,-0.0537109375
2021-12-30,2021-12-31,0.28125
2021-12-31,2022-01-04,-0.71875
2022-01-04,2022-01-05,-0.423828125
2022-01-05,2022-01-06,-0.39453125
2022-01-06,2022-01-07,-0.4375
2022-01-07,2022-01-10,0.255859375
2022-01-10,2022-01-11,-0.00823974609375
2022-01-11,2022-01-12,-0.3203125
2022-01-12,2022-01-13,-0.259765625
2022-01-13,2022-01-14,-0.64453125
2022-01-14,2022-01-17,-0.4453125
2022-01-17,2022-01-18,-0.3359375
2022-01-18,2022-01-19,-0.40625
2022-01-19,2022-01-20,-0.1552734375
2022-01-20,2022-01-21,-0.3828125
2022-01-21,2022-01-24,0.2275390625
2022-01-24,2022-01-25,0.1337890625
2022-01-25,2022-01-26,0.1328125
2022-01-26,2022-01-27,0.482421875
2022-01-27,2022-01-28,-0.3203125
2022-01-28,2022-02-07,-0.1435546875
2022-02-07,2022-02-08,-0.5
2022-02-08,2022-02-09,-0.12890625
2022-02-09,2022-02-10,0.171875
2022-02-10,2022-02-11,0.07275390625
2022-02-11,2022-02-14,0.04736328125
2022-02-14,2022-02-15,-0.00640869140625
2022-02-15,2022-02-16,-0.7265625
2022-02-16,2022-02-17,-0.83203125
2022-02-17,2022-02-18,-0.326171875
2022-02-18,2022-02-21,-0.05859375
2022-02-21,2022-02-22,-0.2890625
2022-02-22,2022-02-23,-0.31640625
2022-02-23,2022-02-24,-0.00193023681640625
2022-02-24,2022-02-25,0.1435546875
2022-02-25,2022-02-28,0.1611328125
2022-02-28,2022-03-01,0.2255859375
2022-03-01,2022-03-02,0.5625
2022-03-02,2022-03-03,0.453125
2022-03-03,2022-03-04,0.515625
2022-03-04,2022-03-07,0.1904296875
2022-03-07,2022-03-08,-0.1982421875
2022-03-08,2022-03-09,0.2890625
2022-03-09,2022-03-10,0.392578125
2022-03-10,2022-03-11,0.61328125
2022-03-11,2022-03-14,0.5625
2022-03-14,2022-03-15,0.1748046875
2022-03-15,2022-03-16,0.1806640625
2022-03-16,2022-03-17,0.48046875
2022-03-17,2022-03-18,0.34765625
2022-03-18,2022-03-21,0.64453125
2022-03-21,2022-03-22,0.404296875
2022-03-22,2022-03-23,0.77734375
2022-03-23,2022-03-24,0.7578125
2022-03-24,2022-03-25,0.79296875
2022-03-25,2022-03-28,0.369140625
2022-03-28,2022-03-29,-0.455078125
2022-03-29,2022-03-30,-0.6640625
2022-03-30,2022-03-31,-0.353515625
2022-03-31,2022-04-01,-0.259765625
2022-04-01,2022-04-06,0.208984375
2022-04-06,2022-04-07,0.061279296875
2022-04-07,2022-04-08,0.271484375
2022-04-08,2022-04-11,-0.40625
2022-04-11,2022-04-12,-0.49609375
2022-04-12,2022-04-13,-0.216796875
2022-04-13,2022-04-14,-0.341796875
2022-04-14,2022-04-15,-0.0810546875
2022-04-15,2022-04-18,0.154296875
2022-04-18,2022-04-19,-0.171875
2022-04-19,2022-04-20,-0.19921875
2022-04-20,2022-04-21,-0.173828125
2022-04-21,2022-04-22,0.09228515625
2022-04-22,2022-04-25,0.2109375
2022-04-25,2022-04-26,0.2109375
2022-04-26,2022-04-27,-0.3984375
2022-04-27,2022-04-28,0.03466796875
2022-04-28,2022-04-29,0.041748046875
2022-04-29,2022-05-05,0.1806640625
2022-05-05,2022-05-06,0.2490234375
2022-05-06,2022-05-09,0.0106201171875
2022-05-09,2022-05-10,0.345703125
2022-05-10,2022-05-11,0.3046875
2022-05-11,2022-05-12,0.470703125
2022-05-12,2022-05-13,0.3984375
2022-05-13,2022-05-16,0.62109375
2022-05-16,2022-05-17,0.8359375
2022-05-17,2022-05-18,0.65625
2022-05-18,2022-05-19,0.67578125
2022-05-19,2022-05-20,0.6328125
2022-05-20,2022-05-23,0.6171875
2022-05-23,2022-05-24,0.466796875
2022-05-24,2022-05-25,0.609375
2022-05-25,2022-05-26,0.1953125
2022-05-26,2022-05-27,0.38671875
2022-05-27,2022-05-30,0.6015625
2022-05-30,2022-05-31,0.51171875
2022-05-31,2022-06-01,0.58984375
2022-06-01,2022-06-02,0.625
2022-06-02,2022-06-06,0.30859375
2022-06-06,2022-06-07,0.2099609375
2022-06-07,2022-06-08,0.271484375
2022-06-08,2022-06-09,0.26171875
2022-06-09,2022-06-10,0.65234375
2022-06-10,2022-06-13,0.326171875
2022-06-13,2022-06-14,0.3359375
2022-06-14,2022-06-15,0.181640625
2022-06-15,2022-06-16,-0.02294921875
2022-06-16,2022-06-17,0.054443359375
2022-06-17,2022-06-20,0.310546875
2022-06-20,2022-06-21,0.181640625
2022-06-21,2022-06-22,0.392578125
2022-06-22,2022-06-23,0.302734375
2022-06-23,2022-06-24,0.09521484375
2022-06-24,2022-06-27,0.142578125
2022-06-27,2022-06-28,0.2255859375
2022-06-28,2022-06-29,0.333984375
2022-06-29,2022-06-30,-0.018310546875
2022-06-30,2022-07-01,-0.478515625
2022-07-01,2022-07-04,-0.01470947265625
2022-07-04,2022-07-05,-0.10693359375
2022-07-05,2022-07-06,0.17578125
2022-07-06,2022-07-07,0.080078125
2022-07-07,2022-07-08,0.09521484375
2022-07-08,2022-07-11,-0.10009765625
2022-07-11,2022-07-12,0.44921875
2022-07-12,2022-07-13,0.498046875
2022-07-13,2022-07-14,0.62890625
2022-07-14,2022-07-15,0.609375
2022-07-15,2022-07-18,-0.0262451171875
2022-07-18,2022-07-19,0.310546875
2022-07-19,2022-07-20,0.462890625
2022-07-20,2022-07-21,0.51953125
2022-07-21,2022-07-22,0.5546875
2022-07-22,2022-07-25,0.10009765625
2022-07-25,2022-07-26,0.330078125
2022-07-26,2022-07-27,0.396484375
2022-07-27,2022-07-28,0.466796875
2022-07-28,2022-07-29,0.384765625
2022-07-29,2022-08-01,-0.0194091796875
2022-08-01,2022-08-02,-0.185546875
2022-08-02,2022-08-03,-0.12158203125
2022-08-03,2022-08-04,0.0478515625
2022-08-04,2022-08-05,-0.02197265625
2022-08-05,2022-08-08,-0.006439208984375
2022-08-08,2022-08-09,-0.1904296875
2022-08-09,2022-08-10,-0.0703125
2022-08-10,2022-08-11,-0.224609375
2022-08-11,2022-08-12,-0.28125
2022-08-12,2022-08-15,-0.005096435546875
2022-08-15,2022-08-16,0.051513671875
2022-08-16,2022-08-17,-0.2470703125
2022-08-17,2022-08-18,-0.275390625
2022-08-18,2022-08-19,-0.26953125
2022-08-19,2022-08-22,0.05615234375
2022-08-22,2022-08-23,0.046142578125
2022-08-23,2022-08-24,0.416015625
2022-08-24,2022-08-25,0.3671875
2022-08-25,2022-08-26,0.359375
2022-08-26,2022-08-29,0.330078125
2022-08-29,2022-08-30,0.2275390625
2022-08-30,2022-08-31,0.072265625
2022-08-31,2022-09-01,0.287109375
2022-09-01,2022-09-02,-0.4296875
2022-09-02,2022-09-05,-0.3828125
2022-09-05,2022-09-06,-0.19140625
2022-09-06,2022-09-07,-0.1845703125
2022-09-07,2022-09-08,-0.158203125
2022-09-08,2022-09-09,0.083984375
2022-09-09,2022-09-13,-0.0277099609375
2022-09-13,2022-09-14,-0.10009765625
2022-09-14,2022-09-15,0.06640625
2022-09-15,2022-09-16,0.126953125
2022-09-16,2022-09-19,-0.00537109375
2022-09-19,2022-09-20,-0.453125
2022-09-20,2022-09-21,-0.81640625
2022-09-21,2022-09-22,-0.341796875
2022-09-22,2022-09-23,-0.251953125
2022-09-23,2022-09-26,-0.10009765625
2022-09-26,2022-09-27,-0.3984375
2022-09-27,2022-09-28,-0.34375
2022-09-28,2022-09-29,-0.0185546875
2022-09-29,2022-09-30,-0.28515625
2022-09-30,2022-10-10,-0.1806640625
2022-10-10,2022-10-11,0.1357421875
2022-10-11,2022-10-12,0.00897216796875
2022-10-12,2022-10-13,0.06884765625
2022-10-13,2022-10-14,0.2001953125
2022-10-14,2022-10-17,0.439453125
2022-10-17,2022-10-18,0.359375
2022-10-18,2022-10-19,0.42578125
2022-10-19,2022-10-20,0.466796875
2022-10-20,2022-10-21,0.10400390625
2022-10-21,2022-10-24,0.52734375
2022-10-24,2022-10-25,0.41796875
2022-10-25,2022-10-26,-0.162109375
2022-10-26,2022-10-27,0.2578125
2022-10-27,2022-10-28,0.443359375
2022-10-28,2022-10-31,0.34765625
2022-10-31,2022-11-01,0.47265625
2022-11-01,2022-11-02,0.2216796875
2022-11-02,2022-11-03,0.283203125
2022-11-03,2022-11-04,0.3203125
2022-11-04,2022-11-07,0.71875
2022-11-07,2022-11-08,0.365234375
2022-11-08,2022-11-09,0.197265625
2022-11-09,2022-11-10,0.2109375
2022-11-10,2022-11-11,0.259765625
2022-11-11,2022-11-14,0.373046875
2022-11-14,2022-11-15,0.423828125
2022-11-15,2022-11-16,0.5234375
2022-11-16,2022-11-17,0.37890625
2022-11-17,2022-11-18,0.2890625
2022-11-18,2022-11-21,0.310546875
2022-11-21,2022-11-22,0.314453125
2022-11-22,2022-11-23,0.251953125
2022-11-23,2022-11-24,0.166015625
2022-11-24,2022-11-25,0.1630859375
2022-11-25,2022-11-28,0.21875
2022-11-28,2022-11-29,0.0810546875
2022-11-29,2022-11-30,0.3046875
2022-11-30,2022-12-01,0.3828125
2022-12-01,2022-12-02,0.2314453125
2022-12-02,2022-12-05,0.240234375
2022-12-05,2022-12-06,0.416015625
2022-12-06,2022-12-07,0.71484375
2022-12-07,2022-12-08,0.55078125
2022-12-08,2022-12-09,0.5078125
2022-12-09,2022-12-12,0.515625
2022-12-12,2022-12-13,0.416015625
2022-12-13,2022-12-14,0.31640625
2022-12-14,2022-12-15,0.1787109375
2022-12-15,2022-12-16,0.357421875
2022-12-16,2022-12-19,0.419921875
2022-12-19,2022-12-20,0.318359375
2022-12-20,2022-12-21,0.06982421875
2022-12-21,2022-12-22,0.1640625
2022-12-22,2022-12-23,0.042724609375
2022-12-23,2022-12-26,0.1298828125
2022-12-26,2022-12-27,0.3359375
2022-12-27,2022-12-28,0.138671875
2022-12-28,2022-12-29,-0.134765625
2022-12-29,2022-12-30,-0.038330078125
2022-12-30,2023-01-03,-0.03564453125
2023-01-03,2023-01-04,0.2109375
2023-01-04,2023-01-05,0.0152587890625
2023-01-05,2023-01-06,0.283203125
2023-01-06,2023-01-09,0.62890625
2023-01-09,2023-01-10,0.609375
2023-01-10,2023-01-11,0.6171875
2023-01-11,2023-01-12,0.498046875
2023-01-12,2023-01-13,0.51953125
2023-01-13,2023-01-16,0.359375
2023-01-16,2023-01-17,0.75390625
2023-01-17,2023-01-18,0.765625
2023-01-18,2023-01-19,0.734375
2023-01-19,2023-01-20,0.77734375
2023-01-20,2023-01-30,0.8046875
2023-01-30,2023-01-31,0.578125
2023-01-31,2023-02-01,0.59765625
2023-02-01,2023-02-02,0.74609375
2023-02-02,2023-02-03,0.8828125
2023-02-03,2023-02-06,0.77734375
2023-02-06,2023-02-07,0.78515625
2023-02-07,2023-02-08,0.51171875
2023-02-08,2023-02-09,-0.0986328125
2023-02-09,2023-02-10,0.59765625
2023-02-10,2023-02-13,0.65234375
2023-02-13,2023-02-14,0.78125
2023-02-14,2023-02-15,0.212890625
2023-02-15,2023-02-16,0.5859375
2023-02-16,2023-02-17,0.5234375
2023-02-17,2023-02-20,0.48046875
2023-02-20,2023-02-21,0.62109375
2023-02-21,2023-02-22,0.56640625
2023-02-22,2023-02-23,0.57421875
2023-02-23,2023-02-24,0.35546875
2023-02-24,2023-02-27,0.390625
2023-02-27,2023-02-28,0.6171875
2023-02-28,2023-03-01,0.392578125
2023-03-01,2023-03-02,0.4375
2023-03-02,2023-03-03,0.498046875
2023-03-03,2023-03-06,0.54296875
2023-03-06,2023-03-07,0.8046875
2023-03-07,2023-03-08,0.53515625
2023-03-08,2023-03-09,0.6640625
2023-03-09,2023-03-10,0.466796875
2023-03-10,2023-03-13,0.3828125
2023-03-13,2023-03-14,0.341796875
2023-03-14,2023-03-15,0.3359375
2023-03-15,2023-03-16,0.388671875
2023-03-16,2023-03-17,0.1435546875
2023-03-17,2023-03-20,0.48046875
2023-03-20,2023-03-21,0.498046875
2023-03-21,2023-03-22,0.58203125
2023-03-22,2023-03-23,0.69140625
2023-03-23,2023-03-24,0.765625
2023-03-24,2023-03-27,0.7734375
2023-03-27,2023-03-28,0.74609375
2023-03-28,2023-03-29,0.76171875
2023-03-29,2023-03-30,0.7109375
2023-03-30,2023-03-31,0.640625
2023-03-31,2023-04-03,0.7734375
2023-04-03,2023-04-04,0.7421875
2023-04-04,2023-04-06,0.64453125
2023-04-06,2023-04-07,0.68359375
2023-04-07,2023-04-10,0.58984375
2023-04-10,2023-04-11,0.5859375
2023-04-11,2023-04-12,0.341796875
2023-04-12,2023-04-13,0.4609375
2023-04-13,2023-04-14,0.53125
2023-04-14,2023-04-17,0.609375
2023-04-17,2023-04-18,0.3984375
2023-04-18,2023-04-19,0.69921875
2023-04-19,2023-04-20,0.498046875
2023-04-20,2023-04-21,0.490234375
2023-04-21,2023-04-24,0.07568359375
2023-04-24,2023-04-25,0.1572265625
2023-04-25,2023-04-26,-0.006256103515625
2023-04-26,2023-04-27,0.12890625
2023-04-27,2023-04-28,0.265625
2023-04-28,2023-05-04,0.3203125
2023-05-04,2023-05-05,0.2890625
2023-05-05,2023-05-08,0.412109375
2023-05-08,2023-05-09,0.486328125
2023-05-09,2023-05-10,0.423828125
2023-05-10,2023-05-11,0.55859375
2023-05-11,2023-05-12,0.4453125
2023-05-12,2023-05-15,0.455078125
2023-05-15,2023-05-16,0.6484375
2023-05-16,2023-05-17,0.36328125
2023-05-17,2023-05-18,0.419921875
2023-05-18,2023-05-19,0.384765625
2023-05-19,2023-05-22,0.302734375
2023-05-22,2023-05-23,0.373046875
2023-05-23,2023-05-24,0.39453125
2023-05-24,2023-05-25,0.1396484375
2023-05-25,2023-05-26,0.150390625
2023-05-26,2023-05-29,0.1611328125
2023-05-29,2023-05-30,-0.056396484375
2023-05-30,2023-05-31,0.13671875
2023-05-31,2023-06-01,0.087890625
2023-06-01,2023-06-02,0.169921875
2023-06-02,2023-06-05,0.203125
2023-06-05,2023-06-06,0.298828125
2023-06-06,2023-06-07,0.26171875
2023-06-07,2023-06-08,0.298828125
2023-06-08,2023-06-09,0.314453125
2023-06-09,2023-06-12,0.23828125
2023-06-12,2023-06-13,0.23046875
2023-06-13,2023-06-14,0.12890625
2023-06-14,2023-06-15,0.09228515625
2023-06-15,2023-06-16,0.193359375
2023-06-16,2023-06-19,0.2216796875
2023-06-19,2023-06-20,0.059326171875
2023-06-20,2023-06-21,-0.02490234375
2023-06-21,2023-06-26,-0.057861328125
2023-06-26,2023-06-27,-0.02294921875
2023-06-27,2023-06-28,0.01806640625
2023-06-28,2023-06-29,0.1083984375
2023-06-29,2023-06-30,-0.061279296875
2023-06-30,2023-07-03,-0.126953125
2023-07-03,2023-07-04,-0.055908203125
2023-07-04,2023-07-05,0.1123046875
2023-07-05,2023-07-06,0.0311279296875
2023-07-06,2023-07-07,0.018798828125
2023-07-07,2023-07-10,0.2060546875
2023-07-10,2023-07-11,0.1376953125
2023-07-11,2023-07-12,0.1064453125
2023-07-12,2023-07-13,0.0517578125
2023-07-13,2023-07-14,-0.2333984375
2023-07-14,2023-07-17,-0.02490234375
2023-07-17,2023-07-18,0.0478515625
2023-07-18,2023-07-19,0.2080078125
2023-07-19,2023-07-20,0.12890625
2023-07-20,2023-07-21,0.2197265625
2023-07-21,2023-07-24,0.291015625
2023-07-24,2023-07-25,0.326171875
2023-07-25,2023-07-26,0.37890625
2023-07-26,2023-07-27,0.291015625
2023-07-27,2023-07-28,0.421875
2023-07-28,2023-07-31,0.3359375
2023-07-31,2023-08-01,0.1123046875
2023-08-01,2023-08-02,0.388671875
2023-08-02,2023-08-03,0.345703125
2023-08-03,2023-08-04,0.263671875
2023-08-04,2023-08-07,0.48828125
2023-08-07,2023-08-08,0.59375
2023-08-08,2023-08-09,0.421875
2023-08-09,2023-08-10,0.2197265625
2023-08-10,2023-08-11,0.12890625
2023-08-11,2023-08-14,0.15625
2023-08-14,2023-08-15,0.126953125
2023-08-15,2023-08-16,0.09521484375
2023-08-16,2023-08-17,-0.0458984375
2023-08-17,2023-08-18,0.29296875
2023-08-18,2023-08-21,0.46875
2023-08-21,2023-08-22,0.373046875
2023-08-22,2023-08-23,0.1572265625
2023-08-23,2023-08-24,-0.000942230224609375
2023-08-24,2023-08-25,0.15234375
2023-08-25,2023-08-28,0.171875
2023-08-28,2023-08-29,0.267578125
2023-08-29,2023-08-30,0.490234375
2023-08-30,2023-08-31,0.55859375
2023-08-31,2023-09-01,0.60546875
2023-09-01,2023-09-04,0.609375
2023-09-04,2023-09-05,0.48828125
2023-09-05,2023-09-06,0.361328125
2023-09-06,2023-09-07,0.458984375
2023-09-07,2023-09-08,0.47265625
2023-09-08,2023-09-11,0.49609375
2023-09-11,2023-09-12,0.396484375
2023-09-12,2023-09-13,0.6484375
2023-09-13,2023-09-14,0.240234375
2023-09-14,2023-09-15,0.171875
2023-09-15,2023-09-18,0.21484375
2023-09-18,2023-09-19,0.25390625
2023-09-19,2023-09-20,-0.0064697265625
2023-09-20,2023-09-21,-0.12060546875
2023-09-21,2023-09-22,-0.087890625
2023-09-22,2023-09-25,0.1328125
2023-09-25,2023-09-26,0.2021484375
2023-09-26,2023-09-27,0.2041015625
2023-09-27,2023-09-28,0.0791015625
2023-09-28,2023-10-09,0.3671875
2023-10-09,2023-10-10,0.3125
2023-10-10,2023-10-11,0.27734375
2023-10-11,2023-10-12,0.35546875
2023-10-12,2023-10-13,0.061279296875
2023-10-13,2023-10-16,0.04248046875
2023-10-16,2023-10-17,-0.03662109375
2023-10-17,2023-10-18,-0.2734375
2023-10-18,2023-10-19,-0.3203125
2023-10-19,2023-10-20,-0.037109375
2023-10-20,2023-10-23,-0.00897216796875
2023-10-23,2023-10-24,0.08056640625
2023-10-24,2023-10-25,0.16015625
2023-10-25,2023-10-26,-0.031982421875
2023-10-26,2023-10-27,0.25390625
2023-10-27,2023-10-30,0.05712890625
2023-10-30,2023-10-31,-0.125
2023-10-31,2023-11-01,-0.034423828125
2023-11-01,2023-11-02,0.296875
2023-11-02,2023-11-03,-0.005706787109375
2023-11-03,2023-11-06,0.08056640625
2023-11-06,2023-11-07,0.423828125
2023-11-07,2023-11-08,0.322265625
2023-11-08,2023-11-09,0.177734375
2023-11-09,2023-11-10,0.0274658203125
2023-11-10,2023-11-13,-0.0174560546875
2023-11-13,2023-11-14,0.1337890625
2023-11-14,2023-11-15,0.44921875
2023-11-15,2023-11-16,0.306640625
2023-11-16,2023-11-17,-0.051025390625
2023-11-17,2023-11-20,0.26171875
2023-11-20,2023-11-21,-0.220703125
2023-11-21,2023-11-22,0.054931640625
2023-11-22,2023-11-23,-0.1953125
2023-11-23,2023-11-24,-0.06787109375
2023-11-24,2023-11-27,-0.0791015625
2023-11-27,2023-11-28,0.0732421875
2023-11-28,2023-11-29,-0.01953125
2023-11-29,2023-11-30,-0.2578125
2023-11-30,2023-12-01,0.08837890625
2023-12-01,2023-12-04,-0.0306396484375
2023-12-04,2023-12-05,-0.1845703125
2023-12-05,2023-12-06,0.015625
2023-12-06,2023-12-07,-0.068359375
2023-12-07,2023-12-08,-0.25
2023-12-08,2023-12-11,-0.1845703125
2023-12-11,2023-12-12,0.173828125
2023-12-12,2023-12-13,-0.15625
2023-12-13,2023-12-14,-0.244140625
2023-12-14,2023-12-15,-0.041259765625
2023-12-15,2023-12-18,0.20703125
2023-12-18,2023-12-19,-0.1044921875
2023-12-19,2023-12-20,-0.28515625
2023-12-20,2023-12-21,-0.059814453125
2023-12-21,2023-12-22,-0.1533203125
2023-12-22,2023-12-25,-0.10595703125
2023-12-25,2023-12-26,0.0021820068359375
2023-12-26,2023-12-27,-0.25
2023-12-27,2023-12-28,-0.138671875
2023-12-28,2023-12-29,0.0849609375
2023-12-29,2024-01-02,0.37890625
2024-01-02,2024-01-03,0.6640625
2024-01-03,2024-01-04,0.36328125
2024-01-04,2024-01-05,0.455078125
2024-01-05,2024-01-08,0.26953125
2024-01-08,2024-01-09,0.42578125
2024-01-09,2024-01-10,0.314453125
2024-01-10,2024-01-11,-0.185546875
2024-01-11,2024-01-12,0.193359375
2024-01-12,2024-01-15,0.189453125
2024-01-15,2024-01-16,0.009033203125
2024-01-16,2024-01-17,0.328125
2024-01-17,2024-01-18,-0.263671875
2024-01-18,2024-01-19,0.2421875
2024-01-19,2024-01-22,0.345703125
2024-01-22,2024-01-23,0.2734375
2024-01-23,2024-01-24,0.45703125
2024-01-24,2024-01-25,0.447265625
2024-01-25,2024-01-26,0.5078125
2024-01-26,2024-01-29,0.388671875
2024-01-29,2024-01-30,0.275390625
2024-01-30,2024-01-31,0.470703125
2024-01-31,2024-02-01,0.2099609375
2024-02-01,2024-02-02,-0.1416015625
2024-02-02,2024-02-05,0.12890625
2024-02-05,2024-02-06,0.3359375
2024-02-06,2024-02-07,0.357421875
2024-02-07,2024-02-08,-0.040771484375
2024-02-08,2024-02-19,0.30859375
2024-02-19,2024-02-20,0.29296875
2024-02-20,2024-02-21,0.439453125
2024-02-21,2024-02-22,0.609375
2024-02-22,2024-02-23,0.55859375
2024-02-23,2024-02-26,0.734375
2024-02-26,2024-02-27,0.9296875
2024-02-27,2024-02-28,1.140625
2024-02-28,2024-02-29,1.09375
2024-02-29,2024-03-01,1.15625
2024-03-01,2024-03-04,1.0703125
2024-03-04,2024-03-05,1.1796875
2024-03-05,2024-03-06,0.9921875
2024-03-06,2024-03-07,1.0625
2024-03-07,2024-03-08,0.6875
2024-03-08,2024-03-11,0.67578125
2024-03-11,2024-03-12,0.77734375
2024-03-12,2024-03-13,0.56640625
2024-03-13,2024-03-14,0.49609375
2024-03-14,2024-03-15,0.5625
2024-03-15,2024-03-18,0.416015625
2024-03-18,2024-03-19,0.97265625
2024-03-19,2024-03-20,0.81640625
2024-03-20,2024-03-21,0.9296875
2024-03-21,2024-03-22,0.88671875
2024-03-22,2024-03-25,0.96484375
2024-03-25,2024-03-26,0.7421875
2024-03-26,2024-03-27,0.30078125
2024-03-27,2024-03-28,0.384765625
2024-03-28,2024-03-29,0.19921875
2024-03-29,2024-04-01,-0.28125
2024-04-01,2024-04-02,0.3515625
2024-04-02,2024-04-03,0.2578125
2024-04-03,2024-04-08,0.125
2024-04-08,2024-04-09,0.296875
2024-04-09,2024-04-10,0.16796875
2024-04-10,2024-04-11,0.169921875
2024-04-11,2024-04-12,0.1064453125
2024-04-12,2024-04-15,-0.1708984375
2024-04-15,2024-04-16,-0.0869140625
2024-04-16,2024-04-17,-0.18359375
2024-05-06,2024-05-07,-0.1728515625
2024-05-07,2024-05-08,-0.8203125
2024-05-08,2024-05-09,-0.890625
2024-05-09,2024-05-10,-0.78125
2024-05-10,2024-05-13,-0.8359375
2024-05-13,2024-05-14,-0.765625
2024-05-14,2024-05-15,-0.6796875
2024-05-15,2024-05-16,-0.75
2024-05-16,2024-05-17,-0.80859375
2024-05-17,2024-05-20,-0.5703125
2024-05-20,2024-05-21,-0.64453125
2024-05-21,2024-05-22,-0.81640625
2024-05-22,2024-05-23,-0.1611328125
2024-05-23,2024-05-24,-0.1962890625
2024-05-24,2024-05-27,-0.322265625
2024-05-27,2024-05-28,-0.29296875
2024-05-28,2024-05-29,0.0152587890625
2024-05-29,2024-05-30,-0.126953125
2024-05-30,2024-05-31,-0.205078125
2024-05-31,2024-06-03,-0.69140625
2024-06-03,2024-06-04,-0.2197265625
2024-06-04,2024-06-05,0.2578125
2024-06-05,2024-06-06,0.330078125
2024-06-06,2024-06-07,0.4453125
2024-06-07,2024-06-11,-0.1142578125
2024-06-11,2024-06-12,0.48828125
2024-06-12,2024-06-13,0.43359375
2024-06-13,2024-06-14,0.0498046875
2024-06-14,2024-06-17,-0.53515625
2024-06-17,2024-06-18,-0.0238037109375
2024-06-18,2024-06-19,-1.1484375
2024-06-19,2024-06-20,-0.55078125
2024-06-20,2024-06-21,0.1455078125
2024-06-21,2024-06-24,-0.0072021484375
2024-06-24,2024-06-25,0.2255859375
2024-06-25,2024-06-26,-0.19140625
2024-06-26,2024-06-27,0.1103515625
2024-06-27,2024-06-28,0.318359375
2024-06-28,2024-07-01,0.06884765625
2024-07-01,2024-07-02,-0.020751953125
2024-07-02,2024-07-03,0.000484466552734375
2024-07-03,2024-07-04,0.203125
2024-07-04,2024-07-05,0.291015625
2024-07-05,2024-07-08,0.40234375
2024-07-08,2024-07-09,0.21875
2024-07-09,2024-07-10,0.404296875
2024-07-10,2024-07-11,0.1328125
2024-07-11,2024-07-12,0.111328125
2024-07-12,2024-07-15,-0.26171875
2024-07-15,2024-07-16,-0.173828125
2024-07-16,2024-07-17,0.318359375
2024-07-17,2024-07-18,0.400390625
2024-07-18,2024-07-19,0.328125
2024-07-19,2024-07-22,0.2451171875
2024-07-22,2024-07-23,0.2216796875
2024-07-23,2024-07-24,0.11279296875
2024-07-24,2024-07-25,-0.1083984375
2024-07-25,2024-07-26,-0.0576171875
2024-07-26,2024-07-29,-0.0274658203125
2024-07-29,2024-07-30,-0.0947265625
2024-07-30,2024-07-31,-0.30859375
2024-07-31,2024-08-01,0.0830078125
2024-08-01,2024-08-02,0.25390625
2024-08-02,2024-08-05,0.388671875
2024-08-05,2024-08-06,-0.04931640625
2024-08-06,2024-08-07,0.294921875
2024-08-07,2024-08-08,0.259765625
2024-08-08,2024-08-09,0.078125
2024-08-09,2024-08-12,-0.2197265625
2024-08-12,2024-08-13,0.1318359375
2024-08-13,2024-08-14,-0.048095703125
2024-08-14,2024-08-15,0.1748046875
2024-08-15,2024-08-16,0.3671875
2024-08-16,2024-08-19,0.126953125
2024-08-19,2024-08-20,0.1162109375
2024-08-20,2024-08-21,0.1064453125
2024-08-21,2024-08-22,0.042724609375
2024-08-22,2024-08-23,-0.12109375
2024-08-23,2024-08-26,0.09326171875
2024-08-26,2024-08-27,-0.140625
2024-08-27,2024-08-28,0.09716796875
2024-08-28,2024-08-29,-0.1484375
2024-08-29,2024-08-30,0.1884765625
2024-08-30,2024-09-02,0.3359375
2024-09-02,2024-09-03,0.283203125
2024-09-03,2024-09-04,0.72265625
2024-09-04,2024-09-05,0.796875
2024-09-05,2024-09-06,0.78515625
2024-09-06,2024-09-09,0.7578125
2024-09-09,2024-09-10,0.6484375
2024-09-10,2024-09-11,0.349609375
2024-09-11,2024-09-12,0.48046875
2024-09-12,2024-09-13,0.419921875
2024-09-13,2024-09-18,0.484375
2024-09-18,2024-09-19,0.4921875
2024-09-19,2024-09-20,0.51171875
2024-09-20,2024-09-23,0.474609375
2024-09-23,2024-09-24,0.53515625
2024-09-24,2024-09-25,0.40234375
2024-09-25,2024-09-26,0.5078125
2024-09-26,2024-09-27,0.37109375
2024-09-27,2024-09-30,0.1279296875
2024-09-30,2024-10-08,0.053955078125
2024-10-08,2024-10-09,-0.028564453125
2024-10-09,2024-10-10,0.138671875
2024-10-10,2024-10-11,0.1513671875
2024-10-11,2024-10-14,0.06591796875
2024-10-14,2024-10-15,0.203125
2024-10-15,2024-10-16,0.28125
2024-10-16,2024-10-17,0.490234375
2024-10-17,2024-10-18,0.546875
2024-10-18,2024-10-21,0.55859375
2024-10-21,2024-10-22,0.5703125
2024-10-22,2024-10-23,0.63671875
2024-10-23,2024-10-24,0.51953125
2024-10-24,2024-10-25,0.37109375
2024-10-25,2024-10-28,0.2109375
2024-10-28,2024-10-29,0.255859375
2024-10-29,2024-10-30,-0.0361328125
2024-10-30,2024-10-31,0.37890625
2024-10-31,2024-11-01,-0.040283203125
2024-11-01,2024-11-04,-0.2451171875
2024-11-04,2024-11-05,-0.30078125
2024-11-05,2024-11-06,-0.57421875
2024-11-06,2024-11-07,-0.37109375
2024-11-07,2024-11-08,-0.546875
2024-11-08,2024-11-11,-0.341796875
2024-11-11,2024-11-12,-0.4375
2024-11-12,2024-11-13,-0.1767578125
2024-11-13,2024-11-14,-0.012451171875
2024-11-14,2024-11-15,0.2275390625
2024-11-15,2024-11-18,0.326171875
2024-11-18,2024-11-19,-0.04296875
2024-11-19,2024-11-20,0.0152587890625
2024-11-20,2024-11-21,0.045654296875
2024-11-21,2024-11-22,-0.050537109375
2024-11-22,2024-11-25,0.337890625
2024-11-25,2024-11-26,0.0012359619140625
2024-11-26,2024-11-27,0.06103515625
2024-11-27,2024-11-28,0.11572265625
2024-11-28,2024-11-29,0.23046875
2024-11-29,2024-12-02,0.296875
2024-12-02,2024-12-03,0.271484375
2024-12-03,2024-12-04,0.259765625
2024-12-04,2024-12-05,0.3515625
2024-12-05,2024-12-06,0.2734375
2024-12-06,2024-12-09,0.2236328125
2024-12-09,2024-12-10,0.55859375
2024-12-10,2024-12-11,0.70703125
2024-12-11,2024-12-12,0.494140625
2024-12-12,2024-12-13,0.671875
2024-12-13,2024-12-16,0.80078125
2024-12-16,2024-12-17,0.6640625
2024-12-17,2024-12-18,0.28515625
2024-12-18,2024-12-19,0.1708984375
2024-12-19,2024-12-20,0.337890625
2024-12-20,2024-12-23,0.2333984375
2024-12-23,2024-12-24,0.56640625
2024-12-24,2024-12-25,0.69921875
2024-12-25,2024-12-26,0.7421875
2024-12-26,2024-12-27,0.67578125
2024-12-27,2024-12-30,0.376953125
2024-12-30,2024-12-31,0.54296875
2024-12-31,2025-01-02,0.6328125
2025-01-02,2025-01-03,0.6796875
2025-01-03,2025-01-06,0.78125
2025-01-06,2025-01-07,0.5546875
2025-01-07,2025-01-08,0.5625
2025-01-08,2025-01-09,0.62109375
2025-01-09,2025-01-10,0.4921875
2025-01-10,2025-01-13,0.388671875
2025-01-13,2025-01-14,0.357421875
2025-01-14,2025-01-15,0.2294921875
2025-01-15,2025-01-16,0.31640625
2025-01-16,2025-01-17,0.4296875
2025-01-17,2025-01-20,0.427734375
2025-01-20,2025-01-21,0.37109375
2025-01-21,2025-01-22,0.248046875
2025-01-22,2025-01-23,0.298828125
2025-01-23,2025-01-24,0.384765625
2025-01-24,2025-01-27,0.0260009765625
2025-01-27,2025-02-05,0.02001953125
2025-02-05,2025-02-06,0.045166015625
2025-02-06,2025-02-07,-0.052001953125
2025-02-07,2025-02-10,-0.0849609375
2025-02-10,2025-02-11,-0.1767578125
2025-02-11,2025-02-12,-0.056884765625
2025-02-12,2025-02-13,-0.0390625
2025-02-13,2025-02-14,0.19921875
2025-02-14,2025-02-17,0.279296875
2025-02-17,2025-02-18,0.2119140625
2025-02-18,2025-02-19,-0.1875
2025-02-19,2025-02-20,-0.65234375
2025-02-20,2025-02-21,-0.427734375
2025-02-21,2025-02-24,0.01129150390625
2025-02-24,2025-02-25,-0.0771484375
2025-02-25,2025-02-26,0.004180908203125
2025-02-26,2025-02-27,-0.345703125
2025-02-27,2025-02-28,-0.357421875
2025-02-28,2025-03-03,-0.263671875
2025-03-03,2025-03-04,0.1865234375
2025-03-04,2025-03-05,0.35546875
2025-03-05,2025-03-06,0.2255859375
2025-03-06,2025-03-07,0.23828125
2025-03-07,2025-03-10,0.2275390625
2025-03-10,2025-03-11,-0.6875
2025-03-11,2025-03-12,-0.68359375
2025-03-12,2025-03-13,-0.2265625
2025-03-13,2025-03-14,-0.2470703125
2025-03-14,2025-03-17,-0.1845703125
2025-03-17,2025-03-18,-0.2373046875
2025-03-18,2025-03-19,-0.62109375
2025-03-19,2025-03-20,-0.455078125
2025-03-20,2025-03-21,-0.5703125
2025-03-21,2025-03-24,-0.30078125
2025-03-24,2025-03-25,-0.015869140625
2025-03-25,2025-03-26,0.0115966796875
2025-03-26,2025-03-27,0.06591796875
2025-03-27,2025-03-28,-0.1533203125
2025-03-28,2025-03-31,-0.2490234375
2025-03-31,2025-04-01,-0.490234375
2025-04-01,2025-04-02,-0.28125
2025-04-02,2025-04-03,-0.41796875
2025-04-03,2025-04-07,-0.52734375
2025-04-07,2025-04-08,-0.66015625
2025-04-08,2025-04-09,-0.458984375
2025-04-09,2025-04-10,-0.8671875
2025-04-10,2025-04-11,-0.466796875
2025-04-11,2025-04-14,-0.46484375
2025-04-14,2025-04-15,-0.703125
2025-04-15,2025-04-16,-0.7890625
2025-04-16,2025-04-17,-0.1640625
2025-04-17,2025-04-18,-0.609375
2025-04-18,2025-04-21,-0.546875
2025-04-21,2025-04-22,-0.451171875
2025-04-22,2025-04-23,-0.451171875
2025-04-23,2025-04-24,-0.310546875
2025-04-24,2025-04-25,-0.294921875
2025-04-25,2025-04-28,-0.130859375
2025-04-28,2025-04-29,-0.1259765625
2025-04-29,2025-04-30,-0.1376953125
2025-04-30,2025-05-06,-0.26953125
2025-05-06,2025-05-07,-0.125
2025-05-07,2025-05-08,-0.65234375
2025-05-08,2025-05-09,-0.6015625
2025-05-09,2025-05-12,-0.44140625
2025-05-12,2025-05-13,-0.33984375
2025-05-13,2025-05-14,-0.578125
2025-05-14,2025-05-15,-0.5859375
2025-05-15,2025-05-16,-0.4296875
2025-05-16,2025-05-19,-0.62109375
2025-05-19,2025-05-20,-0.55078125
2025-05-20,2025-05-21,-0.55078125
2025-05-21,2025-05-22,-0.306640625
2025-05-22,2025-05-23,-0.41015625
2025-05-23,2025-05-26,-0.546875
2025-05-26,2025-05-27,-0.609375
2025-05-27,2025-05-28,-0.61328125
2025-05-28,2025-05-29,-0.4609375
2025-05-29,2025-05-30,-0.71484375
2025-05-30,2025-06-03,-0.453125
2025-06-03,2025-06-04,-0.55078125
2025-06-04,2025-06-05,-0.6953125
2025-06-05,2025-06-06,-0.89453125
2025-06-06,2025-06-09,-0.240234375
2025-06-09,2025-06-10,-0.271484375
2025-06-10,2025-06-11,0.06005859375
2025-06-11,2025-06-12,-0.369140625
2025-06-12,2025-06-13,-0.63671875
2025-06-13,2025-06-16,-0.078125
2025-06-16,2025-06-17,-0.2353515625
2025-06-17,2025-06-18,-0.09912109375
2025-06-18,2025-06-19,-0.50390625
2025-06-19,2025-06-20,0.2021484375
2025-06-20,2025-06-23,0.380859375
2025-06-23,2025-06-24,0.328125
2025-06-24,2025-06-25,-0.003662109375
2025-06-25,2025-06-26,-0.44140625
2025-06-26,2025-06-27,-0.62890625
2025-06-27,2025-06-30,-0.65625
2025-06-30,2025-07-01,-0.482421875
2025-07-01,2025-07-02,-0.64453125
2025-07-02,2025-07-03,-0.85546875
2025-07-03,2025-07-04,-0.875
2025-07-04,2025-07-07,-1.2109375
2025-07-07,2025-07-08,-1.078125
2025-07-08,2025-07-09,-0.80859375
2025-07-09,2025-07-10,-0.7578125
2025-07-10,2025-07-11,-0.515625
2025-07-11,2025-07-14,-0.48828125
2025-07-14,2025-07-15,-0.5078125
2025-07-15,2025-07-16,-0.203125
2025-07-16,2025-07-17,0.01220703125
2025-07-17,2025-07-18,0.15234375
2025-07-18,2025-07-21,0.212890625
2025-07-21,2025-07-22,-0.5390625
2025-07-22,2025-07-23,-0.578125
2025-07-23,2025-07-24,0.0830078125
2025-07-24,2025-07-25,-0.1806640625
2025-07-25,2025-07-28,-0.337890625
2025-07-28,2025-07-29,-0.66015625
2025-07-29,2025-07-30,-0.62109375
2025-07-30,2025-07-31,-0.032470703125
2025-07-31,2025-08-01,-0.15625
2025-08-01,2025-08-04,-0.244140625
2025-08-04,2025-08-05,-0.314453125
2025-08-05,2025-08-06,-0.2216796875
2025-08-06,2025-08-07,-0.365234375
2025-08-07,2025-08-08,-0.271484375
2025-08-08,2025-08-11,-0.036865234375
2025-08-11,2025-08-12,0.0233154296875
2025-08-12,2025-08-13,0.26953125
2025-08-13,2025-08-14,0.28515625
2025-08-14,2025-08-15,0.5234375
2025-08-15,2025-08-18,0.546875
2025-08-18,2025-08-19,0.7265625
2025-08-19,2025-08-20,0.443359375
2025-08-20,2025-08-21,0.54296875
2025-08-21,2025-08-22,0.5390625
2025-08-22,2025-08-25,0.69921875
2025-08-25,2025-08-26,0.49609375
2025-08-26,2025-08-27,0.6875
2025-08-27,2025-08-28,0.6328125
2025-08-28,2025-08-29,0.69921875
2025-08-29,2025-09-01,0.69140625
2025-09-01,2025-09-02,0.37109375
2025-09-02,2025-09-03,0.08935546875
2025-09-03,2025-09-04,0.314453125
2025-09-04,2025-09-05,0.1669921875
2025-09-05,2025-09-08,0.400390625
2025-09-08,2025-09-09,0.4609375
2025-09-09,2025-09-10,0.275390625
2025-09-10,2025-09-11,0.515625
2025-09-11,2025-09-12,0.69140625
2025-09-12,2025-09-15,0.68359375
2025-09-15,2025-09-16,0.0849609375
2025-09-16,2025-09-17,-0.060791015625
2025-09-17,2025-09-18,0.0274658203125
2025-09-18,2025-09-19,-0.2392578125
2025-09-19,2025-09-22,-0.28125
2025-09-22,2025-09-23,-0.337890625
2025-09-23,2025-09-24,-0.369140625
2025-09-24,2025-09-25,-0.341796875
2025-09-25,2025-09-26,-0.384765625
2025-09-26,2025-09-29,-0.279296875
2025-09-29,2025-09-30,-0.380859375
2025-09-30,2025-10-09,-0.38671875
2025-10-09,2025-10-10,-0.859375
2025-10-10,2025-10-13,-0.8046875
2025-10-13,2025-10-14,-0.890625
2025-10-14,2025-10-15,-0.828125
2025-10-15,2025-10-16,-0.875
2025-10-16,2025-10-17,-0.63671875
2025-10-17,2025-10-20,-0.703125
2025-10-20,2025-10-21,-0.93359375
2025-10-21,2025-10-22,-0.75390625
2025-10-22,2025-10-23,-0.79296875
2025-10-23,2025-10-24,-0.53125
2025-10-24,2025-10-27,-0.64453125
2025-10-27,2025-10-28,-1.09375
2025-10-28,2025-10-29,-1.171875
2025-10-29,2025-10-30,-0.984375
2025-10-30,2025-10-31,-0.490234375
2025-10-31,2025-11-03,-0.447265625
2025-11-03,2025-11-04,-0.50390625
2025-11-04,2025-11-05,-0.8671875
2025-11-05,2025-11-06,-0.6171875
2025-11-06,2025-11-07,-0.58984375
2025-11-07,2025-11-10,-0.51171875
2025-11-10,2025-11-11,-0.65234375
2025-11-11,2025-11-12,-0.51171875
2025-11-12,2025-11-13,-0.6328125
2025-11-13,2025-11-14,-0.462890625
2025-11-14,2025-11-17,0.15625
2025-11-17,2025-11-18,-0.06396484375
2025-11-18,2025-11-19,0.22265625
2025-11-19,2025-11-20,0.052978515625
2025-11-20,2025-11-21,-0.08056640625
2025-11-21,2025-11-24,-0.10107421875
2025-11-24,2025-11-25,-0.32421875
2025-11-25,2025-11-26,-0.43359375
2025-11-26,2025-11-27,-0.79296875
2025-11-27,2025-11-28,-0.74609375
2025-11-28,2025-12-01,-0.66015625
2025-12-01,2025-12-02,-0.2373046875
2025-12-02,2025-12-03,-0.37109375
2025-12-03,2025-12-04,-0.310546875
2025-12-04,2025-12-05,-0.1748046875
2025-12-05,2025-12-08,-0.2275390625
2025-12-08,2025-12-09,-0.2578125
2025-12-09,2025-12-10,-0.1181640625
2025-12-10,2025-12-11,-0.07470703125
2025-12-11,2025-12-12,-0.08642578125
2025-12-12,2025-12-15,-0.1669921875
2025-12-15,2025-12-16,-0.11474609375
2025-12-16,2025-12-17,-0.058837890625
2025-12-17,2025-12-18,-0.1630859375
2025-12-18,2025-12-19,-0.166015625
2025-12-19,2025-12-22,-0.1845703125
2025-12-22,2025-12-23,-0.4921875
2025-12-23,2025-12-24,-0.435546875
2025-12-24,2025-12-25,-0.486328125
2025-12-25,2025-12-26,-0.365234375
2025-12-26,2025-12-29,-0.3828125
2025-12-29,2025-12-30,-0.443359375
2025-12-30,2025-12-31,-0.275390625
2025-12-31,2026-01-05,-0.40234375
2026-01-05,2026-01-06,-0.8359375
2026-01-06,2026-01-07,-0.99609375
2026-01-07,2026-01-08,-0.58984375
2026-01-08,2026-01-09,-0.6328125
2026-01-09,2026-01-12,-0.58203125
2026-01-12,2026-01-13,-0.46484375
2026-01-13,2026-01-14,-0.1064453125
2026-01-14,2026-01-15,-0.12451171875
2026-01-15,2026-01-16,0.048095703125
2026-01-16,2026-01-19,-0.150390625
2026-01-19,2026-01-20,-0.53515625
2026-01-20,2026-01-21,-0.5
2026-01-21,2026-01-22,-0.73828125
2026-01-22,2026-01-23,-0.44921875
2026-01-23,2026-01-26,-0.44921875
2026-01-26,2026-01-27,0.1611328125
2026-01-27,2026-01-28,0.01220703125
2026-01-28,2026-01-29,0.09228515625
2026-01-29,2026-01-30,0.162109375
2026-01-30,2026-02-02,-0.036865234375
2026-02-02,2026-02-03,-0.32421875
2026-02-03,2026-02-04,-0.337890625
2026-02-04,2026-02-05,-0.1708984375
2026-02-05,2026-02-06,0.006256103515625
2026-02-06,2026-02-09,-0.19921875
2026-02-09,2026-02-10,-0.2421875
2026-02-10,2026-02-11,-0.4453125
2026-02-11,2026-02-12,-0.56640625
2026-02-12,2026-02-13,-0.263671875
2026-02-13,2026-02-24,-0.353515625
2026-02-24,2026-02-25,-0.3984375
2026-02-25,2026-02-26,-0.3828125
2026-02-26,2026-02-27,-0.1904296875
2026-02-27,2026-03-02,-0.203125
2026-03-02,2026-03-03,0.1318359375
2026-03-03,2026-03-04,0.203125
2026-03-04,2026-03-05,-0.11767578125
2026-03-05,2026-03-06,-0.05322265625
2026-03-06,2026-03-09,-0.18359375
2026-03-09,2026-03-10,-0.40234375
2026-03-10,2026-03-11,-0.5859375
2026-03-11,2026-03-12,-0.3125
2026-03-12,2026-03-13,-0.2392578125
2026-03-13,2026-03-16,-0.1279296875
2026-03-16,2026-03-17,-0.1376953125
2026-03-17,2026-03-18,0.04541015625
2026-03-18,2026-03-19,-0.216796875
2026-03-19,2026-03-20,-0.0322265625
2026-03-20,2026-03-23,0.00860595703125
2026-03-23,2026-03-24,0.19140625
2026-03-24,2026-03-25,0.1259765625
2026-03-25,2026-03-26,-0.3515625
2026-03-26,2026-03-27,-0.2001953125
2026-03-27,2026-03-30,0.11279296875
2026-03-30,2026-03-31,-0.017578125
2026-03-31,2026-04-01,-0.46875
2026-04-01,2026-04-02,-0.49609375
2026-04-02,2026-04-03,-0.2734375
2026-04-03,2026-04-07,-0.11865234375
2026-04-07,2026-04-08,-0.3125
2026-04-08,2026-04-09,-0.291015625
2026-04-09,2026-04-10,-0.23046875
2026-04-10,2026-04-13,-0.41796875
2026-04-13,2026-04-14,-0.64453125
2026-04-14,2026-04-15,-0.6171875
2026-04-15,2026-04-16,-0.54296875
2026-04-16,2026-04-17,-0.6875
2026-04-17,2026-04-20,-0.455078125
2026-04-20,2026-04-21,-0.6875
2026-04-21,2026-04-22,-0.77734375
2026-04-22,2026-04-23,-0.6328125
2026-04-23,2026-04-24,-0.9609375
2026-04-24,2026-04-27,-0.76953125
2026-04-27,2026-04-28,-0.79296875
2026-04-28,2026-04-29,-0.29296875
2026-04-29,2026-04-30,-0.486328125
2026-04-30,2026-05-06,-0.4609375
2026-05-06,2026-05-07,-0.392578125
2026-05-07,2026-05-08,-0.53125
2026-05-08,2026-05-11,-0.4453125
2026-05-11,2026-05-12,-0.55859375
2026-05-12,2026-05-13,-0.431640625
2026-05-13,2026-05-14,-0.54296875
2026-05-14,2026-05-15,-0.1337890625
2026-05-15,2026-05-18,-0.55859375
2026-05-18,2026-05-19,-0.6796875
2026-05-19,2026-05-20,-0.56640625
2026-05-20,2026-05-21,-0.6796875
2026-05-21,2026-05-22,-0.62890625
2026-05-22,2026-05-25,-0.5625
2026-05-25,2026-05-26,-0.353515625
2026-05-26,2026-05-27,-0.271484375
2026-05-27,2026-05-28,-0.2109375
2026-05-28,2026-05-29,-0.353515625
2026-05-29,2026-06-01,-0.408203125
2026-06-01,2026-06-02,-0.376953125
2026-06-02,2026-06-03,-0.51171875
2026-06-03,2026-06-04,-0.5625
2026-06-04,2026-06-05,-0.546875
2026-06-05,2026-06-08,-0.83984375
2026-06-08,2026-06-09,-0.298828125
2026-06-09,2026-06-10,-0.435546875
2026-06-10,2026-06-11,-0.3046875
2026-06-11,2026-06-12,-0.197265625
2026-06-12,2026-06-15,-0.08837890625
2026-06-15,2026-06-16,-0.09326171875
2026-06-16,2026-06-17,-0.322265625
2026-06-17,2026-06-18,-0.1865234375
2026-06-18,2026-06-22,-0.515625
2026-06-22,2026-06-23,-0.703125
2026-06-23,2026-06-24,-0.4453125
2026-06-24,2026-06-25,-0.5625
2026-06-25,2026-06-26,-0.458984375
2026-06-26,2026-06-29,-0.125
2026-06-29,2026-06-30,0.375
2026-06-30,2026-07-01,0.37109375
2026-07-01,2026-07-02,0.244140625
2026-07-02,2026-07-03,-0.28515625
2026-07-03,2026-07-06,-0.42578125
2026-07-06,2026-07-07,-0.3125
2026-07-07,2026-07-08,-0.10009765625
2026-07-08,2026-07-09,0.10791015625
2026-07-09,2026-07-10,0.283203125
2026-07-10,2026-07-13,0.41796875
2026-07-13,2026-07-14,0.47265625
2026-07-14,2026-07-15,0.361328125
2026-07-15,2026-07-16,0.177734375
2026-07-16,2026-07-17,0.18359375
2026-07-17,2026-07-20,0.330078125
2026-07-20,2026-07-21,0.37890625
2026-07-21,2026-07-22,0.271484375
2026-07-22,2026-07-23,0.31640625
